,0
0,https://s.pinimg.com/images/user/default_75.png
1,https://i.pinimg.com/236x/6b/95/df/6b95df6941e7a2099c09b3225f36a842.jpg
2,https://i.pinimg.com/236x/c9/1b/53/c91b53175303bd75606ee558ec605bf9.jpg
3,https://i.pinimg.com/236x/52/b2/08/52b20847d09f3c5fd56d36988efd81ca.jpg
4,https://i.pinimg.com/236x/2a/d2/eb/2ad2ebabe96709f80bd0ae30f1ee2566.jpg
5,https://s.pinimg.com/images/user/default_75.png
6,https://i.pinimg.com/236x/6b/95/df/6b95df6941e7a2099c09b3225f36a842.jpg
7,https://i.pinimg.com/236x/c9/1b/53/c91b53175303bd75606ee558ec605bf9.jpg
8,https://i.pinimg.com/236x/52/b2/08/52b20847d09f3c5fd56d36988efd81ca.jpg
9,https://i.pinimg.com/236x/2a/d2/eb/2ad2ebabe96709f80bd0ae30f1ee2566.jpg
10,https://i.pinimg.com/236x/a0/92/52/a092521a8f2ee97545db09fe0bcbdb45.jpg
11,https://i.pinimg.com/236x/f8/f4/27/f8f427668f02b2ae28d1ce7c9c0495d4.jpg
12,https://i.pinimg.com/236x/da/16/6c/da166c85205946da250d1d3c37d7ac81.jpg
13,https://s.pinimg.com/images/user/default_75.png
14,https://i.pinimg.com/236x/c9/1b/53/c91b53175303bd75606ee558ec605bf9.jpg
15,https://i.pinimg.com/236x/52/b2/08/52b20847d09f3c5fd56d36988efd81ca.jpg
16,https://i.pinimg.com/236x/2a/d2/eb/2ad2ebabe96709f80bd0ae30f1ee2566.jpg
17,https://i.pinimg.com/236x/a0/92/52/a092521a8f2ee97545db09fe0bcbdb45.jpg
18,https://i.pinimg.com/236x/f8/f4/27/f8f427668f02b2ae28d1ce7c9c0495d4.jpg
19,https://i.pinimg.com/236x/da/16/6c/da166c85205946da250d1d3c37d7ac81.jpg
20,https://i.pinimg.com/236x/77/b7/da/77b7da5bcd3ffe35428a736614386eb2.jpg
21,https://i.pinimg.com/236x/15/ec/3d/15ec3d73d97958c42848297f4887b365.jpg
22,https://i.pinimg.com/236x/c1/46/a2/c146a2c6fa20f6ab069015dfe3865be4.jpg
23,https://i.pinimg.com/236x/c7/28/a3/c728a37f5f67d1d79931a134584fbbd8.jpg
24,https://i.pinimg.com/236x/dc/5e/32/dc5e323b234b463f67356f091fb12a30.jpg
25,https://s.pinimg.com/images/user/default_75.png
26,https://i.pinimg.com/236x/2a/d2/eb/2ad2ebabe96709f80bd0ae30f1ee2566.jpg
27,https://i.pinimg.com/236x/a0/92/52/a092521a8f2ee97545db09fe0bcbdb45.jpg
28,https://i.pinimg.com/236x/f8/f4/27/f8f427668f02b2ae28d1ce7c9c0495d4.jpg
29,https://i.pinimg.com/236x/da/16/6c/da166c85205946da250d1d3c37d7ac81.jpg
30,https://i.pinimg.com/236x/77/b7/da/77b7da5bcd3ffe35428a736614386eb2.jpg
31,https://i.pinimg.com/236x/15/ec/3d/15ec3d73d97958c42848297f4887b365.jpg
32,https://i.pinimg.com/236x/c1/46/a2/c146a2c6fa20f6ab069015dfe3865be4.jpg
33,https://i.pinimg.com/236x/c7/28/a3/c728a37f5f67d1d79931a134584fbbd8.jpg
34,https://i.pinimg.com/236x/dc/5e/32/dc5e323b234b463f67356f091fb12a30.jpg
35,https://s.pinimg.com/images/user/default_75.png
36,https://i.pinimg.com/236x/da/16/6c/da166c85205946da250d1d3c37d7ac81.jpg
37,https://i.pinimg.com/236x/77/b7/da/77b7da5bcd3ffe35428a736614386eb2.jpg
38,https://i.pinimg.com/236x/15/ec/3d/15ec3d73d97958c42848297f4887b365.jpg
39,https://i.pinimg.com/236x/c1/46/a2/c146a2c6fa20f6ab069015dfe3865be4.jpg
40,https://i.pinimg.com/236x/c7/28/a3/c728a37f5f67d1d79931a134584fbbd8.jpg
41,https://i.pinimg.com/236x/dc/5e/32/dc5e323b234b463f67356f091fb12a30.jpg
42,https://i.pinimg.com/236x/38/bb/8d/38bb8dcfb3bc64b97407bd3213f5f3d2.jpg
43,https://i.pinimg.com/236x/10/27/b0/1027b073e81abf029c46726a7f640ceb.jpg
44,https://s.pinimg.com/images/user/default_75.png
45,https://i.pinimg.com/236x/c1/46/a2/c146a2c6fa20f6ab069015dfe3865be4.jpg
46,https://i.pinimg.com/236x/c7/28/a3/c728a37f5f67d1d79931a134584fbbd8.jpg
47,https://i.pinimg.com/236x/dc/5e/32/dc5e323b234b463f67356f091fb12a30.jpg
48,https://i.pinimg.com/236x/38/bb/8d/38bb8dcfb3bc64b97407bd3213f5f3d2.jpg
49,https://i.pinimg.com/236x/10/27/b0/1027b073e81abf029c46726a7f640ceb.jpg
50,https://i.pinimg.com/236x/24/93/b1/2493b1c7b0b693931fde0e53d79208f2.jpg
51,https://i.pinimg.com/236x/ae/3d/50/ae3d5002cd535231a1e1445eb7d7e93b.jpg
52,https://i.pinimg.com/236x/4a/01/9e/4a019e2077b1c5092148e559824d142f.jpg
53,https://s.pinimg.com/images/user/default_75.png
54,https://i.pinimg.com/236x/38/bb/8d/38bb8dcfb3bc64b97407bd3213f5f3d2.jpg
55,https://i.pinimg.com/236x/10/27/b0/1027b073e81abf029c46726a7f640ceb.jpg
56,https://i.pinimg.com/236x/24/93/b1/2493b1c7b0b693931fde0e53d79208f2.jpg
57,https://i.pinimg.com/236x/ae/3d/50/ae3d5002cd535231a1e1445eb7d7e93b.jpg
58,https://i.pinimg.com/236x/4a/01/9e/4a019e2077b1c5092148e559824d142f.jpg
59,https://i.pinimg.com/236x/da/d5/72/dad57277e69bc59a0f1e0e08826a19d3.jpg
60,https://i.pinimg.com/236x/77/34/c3/7734c3bf715a1b045ba8d043e2517c87.jpg
61,https://i.pinimg.com/236x/13/51/43/1351431ccbeeb9782e83a162cc2a4e3a.jpg
62,https://s.pinimg.com/images/user/default_75.png
63,https://i.pinimg.com/236x/24/93/b1/2493b1c7b0b693931fde0e53d79208f2.jpg
64,https://i.pinimg.com/236x/ae/3d/50/ae3d5002cd535231a1e1445eb7d7e93b.jpg
65,https://i.pinimg.com/236x/4a/01/9e/4a019e2077b1c5092148e559824d142f.jpg
66,https://i.pinimg.com/236x/da/d5/72/dad57277e69bc59a0f1e0e08826a19d3.jpg
67,https://i.pinimg.com/236x/77/34/c3/7734c3bf715a1b045ba8d043e2517c87.jpg
68,https://i.pinimg.com/236x/13/51/43/1351431ccbeeb9782e83a162cc2a4e3a.jpg
69,https://i.pinimg.com/236x/1e/f1/bc/1ef1bcca7c5055e64bd16da12567225c.jpg
70,https://i.pinimg.com/236x/75/51/41/755141aaec73b9787efca80c1cb3a97f.jpg
71,https://s.pinimg.com/images/user/default_75.png
72,https://i.pinimg.com/236x/4a/01/9e/4a019e2077b1c5092148e559824d142f.jpg
73,https://i.pinimg.com/236x/da/d5/72/dad57277e69bc59a0f1e0e08826a19d3.jpg
74,https://i.pinimg.com/236x/77/34/c3/7734c3bf715a1b045ba8d043e2517c87.jpg
75,https://i.pinimg.com/236x/13/51/43/1351431ccbeeb9782e83a162cc2a4e3a.jpg
76,https://i.pinimg.com/236x/1e/f1/bc/1ef1bcca7c5055e64bd16da12567225c.jpg
77,https://i.pinimg.com/236x/75/51/41/755141aaec73b9787efca80c1cb3a97f.jpg
78,https://i.pinimg.com/236x/e3/3a/9f/e33a9f2da07373aebc9caeca15a3fb18.jpg
79,https://i.pinimg.com/236x/f3/85/1e/f3851e26ecbe52285886a4fc7f422fa2.jpg
80,https://s.pinimg.com/images/user/default_75.png
81,https://i.pinimg.com/236x/13/51/43/1351431ccbeeb9782e83a162cc2a4e3a.jpg
82,https://i.pinimg.com/236x/1e/f1/bc/1ef1bcca7c5055e64bd16da12567225c.jpg
83,https://i.pinimg.com/236x/75/51/41/755141aaec73b9787efca80c1cb3a97f.jpg
84,https://i.pinimg.com/236x/e3/3a/9f/e33a9f2da07373aebc9caeca15a3fb18.jpg
85,https://i.pinimg.com/236x/f3/85/1e/f3851e26ecbe52285886a4fc7f422fa2.jpg
86,https://i.pinimg.com/236x/92/62/9a/92629aed70702d24f7e7bbe3a03646c1.jpg
87,https://i.pinimg.com/236x/0f/2a/3a/0f2a3a0cd5069f816c71cc57de7c0c7f.jpg
88,https://i.pinimg.com/236x/6c/fd/ad/6cfdadfdb3bbb51978ed5596f7e6bc25.jpg
89,https://s.pinimg.com/images/user/default_75.png
90,https://i.pinimg.com/236x/e3/3a/9f/e33a9f2da07373aebc9caeca15a3fb18.jpg
91,https://i.pinimg.com/236x/f3/85/1e/f3851e26ecbe52285886a4fc7f422fa2.jpg
92,https://i.pinimg.com/236x/92/62/9a/92629aed70702d24f7e7bbe3a03646c1.jpg
93,https://i.pinimg.com/236x/0f/2a/3a/0f2a3a0cd5069f816c71cc57de7c0c7f.jpg
94,https://i.pinimg.com/236x/e7/5b/94/e75b94aa41c8a4216eee64e2f24893d4.jpg
95,https://i.pinimg.com/236x/6c/fd/ad/6cfdadfdb3bbb51978ed5596f7e6bc25.jpg
96,https://s.pinimg.com/images/user/default_75.png
97,https://i.pinimg.com/236x/92/62/9a/92629aed70702d24f7e7bbe3a03646c1.jpg
98,https://i.pinimg.com/236x/0f/2a/3a/0f2a3a0cd5069f816c71cc57de7c0c7f.jpg
99,https://i.pinimg.com/236x/e7/5b/94/e75b94aa41c8a4216eee64e2f24893d4.jpg
100,https://i.pinimg.com/236x/6c/fd/ad/6cfdadfdb3bbb51978ed5596f7e6bc25.jpg
101,https://i.pinimg.com/236x/61/a6/d6/61a6d64eda2761adbb08b54fad5dfabd.jpg
102,https://i.pinimg.com/236x/76/3f/c6/763fc6f15f409e04740fc2e51c09619e.jpg
103,https://i.pinimg.com/236x/93/39/03/933903ec7364ddf7ea6d6436712380e0.jpg
104,https://s.pinimg.com/images/user/default_75.png
105,https://i.pinimg.com/236x/e7/5b/94/e75b94aa41c8a4216eee64e2f24893d4.jpg
106,https://i.pinimg.com/236x/6c/fd/ad/6cfdadfdb3bbb51978ed5596f7e6bc25.jpg
107,https://i.pinimg.com/236x/61/a6/d6/61a6d64eda2761adbb08b54fad5dfabd.jpg
108,https://i.pinimg.com/236x/76/3f/c6/763fc6f15f409e04740fc2e51c09619e.jpg
109,https://i.pinimg.com/236x/93/39/03/933903ec7364ddf7ea6d6436712380e0.jpg
110,https://i.pinimg.com/236x/a3/47/64/a347640ef6d3bc8aa6388685774865d3.jpg
111,https://i.pinimg.com/236x/2c/e6/22/2ce622e2786781a0d1032b7926c8a948.jpg
112,https://s.pinimg.com/images/user/default_75.png
113,https://i.pinimg.com/236x/6c/fd/ad/6cfdadfdb3bbb51978ed5596f7e6bc25.jpg
114,https://i.pinimg.com/236x/61/a6/d6/61a6d64eda2761adbb08b54fad5dfabd.jpg
115,https://i.pinimg.com/236x/76/3f/c6/763fc6f15f409e04740fc2e51c09619e.jpg
116,https://i.pinimg.com/236x/93/39/03/933903ec7364ddf7ea6d6436712380e0.jpg
117,https://i.pinimg.com/236x/a3/47/64/a347640ef6d3bc8aa6388685774865d3.jpg
118,https://i.pinimg.com/236x/2c/e6/22/2ce622e2786781a0d1032b7926c8a948.jpg
119,https://i.pinimg.com/236x/c9/d4/79/c9d479584f857f1c2b56dc83bf846f26.jpg
120,https://i.pinimg.com/236x/9e/7c/96/9e7c96e4143d07998e9ce3cf28f637bc.jpg
121,https://i.pinimg.com/236x/af/78/e1/af78e10a05d7f53d8288fd96af96ce70.jpg
122,https://s.pinimg.com/images/user/default_75.png
123,https://i.pinimg.com/236x/a3/47/64/a347640ef6d3bc8aa6388685774865d3.jpg
124,https://i.pinimg.com/236x/2c/e6/22/2ce622e2786781a0d1032b7926c8a948.jpg
125,https://i.pinimg.com/236x/c9/d4/79/c9d479584f857f1c2b56dc83bf846f26.jpg
126,https://i.pinimg.com/236x/9e/7c/96/9e7c96e4143d07998e9ce3cf28f637bc.jpg
127,https://i.pinimg.com/236x/af/78/e1/af78e10a05d7f53d8288fd96af96ce70.jpg
128,https://i.pinimg.com/236x/24/71/af/2471afd93b31cb5a4e4feaf32051785a.jpg
129,https://i.pinimg.com/236x/24/7c/14/247c14e170f860d6286dedfd450565eb.jpg
130,https://i.pinimg.com/236x/97/a1/30/97a130937d4bca02341c1b5735e1ae99.jpg
131,https://i.pinimg.com/236x/92/27/21/922721679fb37ddaa0ac209fba7a46de.jpg
132,https://i.pinimg.com/236x/b2/60/3f/b2603f27205fbde9b87c9d06eaa62390.jpg
133,https://s.pinimg.com/images/user/default_75.png
134,https://i.pinimg.com/236x/c9/d4/79/c9d479584f857f1c2b56dc83bf846f26.jpg
135,https://i.pinimg.com/236x/9e/7c/96/9e7c96e4143d07998e9ce3cf28f637bc.jpg
136,https://i.pinimg.com/236x/af/78/e1/af78e10a05d7f53d8288fd96af96ce70.jpg
137,https://i.pinimg.com/236x/24/71/af/2471afd93b31cb5a4e4feaf32051785a.jpg
138,https://i.pinimg.com/236x/24/7c/14/247c14e170f860d6286dedfd450565eb.jpg
139,https://i.pinimg.com/236x/97/a1/30/97a130937d4bca02341c1b5735e1ae99.jpg
140,https://i.pinimg.com/236x/92/27/21/922721679fb37ddaa0ac209fba7a46de.jpg
141,https://i.pinimg.com/236x/b2/60/3f/b2603f27205fbde9b87c9d06eaa62390.jpg
142,https://i.pinimg.com/236x/29/78/d2/2978d276ce3c14fd75bb5c8d8a279df2.jpg
143,https://i.pinimg.com/236x/98/6e/ac/986eac7b9d3fe53d34cd469409ef9ee6.jpg
144,https://s.pinimg.com/images/user/default_75.png
145,https://i.pinimg.com/236x/af/78/e1/af78e10a05d7f53d8288fd96af96ce70.jpg
146,https://i.pinimg.com/236x/24/71/af/2471afd93b31cb5a4e4feaf32051785a.jpg
147,https://i.pinimg.com/236x/24/7c/14/247c14e170f860d6286dedfd450565eb.jpg
148,https://i.pinimg.com/236x/97/a1/30/97a130937d4bca02341c1b5735e1ae99.jpg
149,https://i.pinimg.com/236x/92/27/21/922721679fb37ddaa0ac209fba7a46de.jpg
150,https://i.pinimg.com/236x/b2/60/3f/b2603f27205fbde9b87c9d06eaa62390.jpg
151,https://i.pinimg.com/236x/29/78/d2/2978d276ce3c14fd75bb5c8d8a279df2.jpg
152,https://i.pinimg.com/236x/98/6e/ac/986eac7b9d3fe53d34cd469409ef9ee6.jpg
153,https://i.pinimg.com/236x/5b/0f/9d/5b0f9d68af6f0613751d258a3bb8b5ca.jpg
154,https://i.pinimg.com/236x/64/f9/48/64f948c0c35d94f624babdc2d8691ce2.jpg
155,https://i.pinimg.com/236x/eb/bd/e8/ebbde89930e329df923f35f2510f8645.jpg
156,https://i.pinimg.com/236x/ff/44/53/ff44536361df31a756f486776c45203c.jpg
157,https://i.pinimg.com/236x/3b/6a/0c/3b6a0c03be4ec6167018da13d9249a12.jpg
158,https://i.pinimg.com/236x/82/7f/25/827f25ee4bf4340244fae02755f19c38.jpg
159,https://s.pinimg.com/images/user/default_75.png
160,https://i.pinimg.com/236x/92/27/21/922721679fb37ddaa0ac209fba7a46de.jpg
161,https://i.pinimg.com/236x/b2/60/3f/b2603f27205fbde9b87c9d06eaa62390.jpg
162,https://i.pinimg.com/236x/29/78/d2/2978d276ce3c14fd75bb5c8d8a279df2.jpg
163,https://i.pinimg.com/236x/98/6e/ac/986eac7b9d3fe53d34cd469409ef9ee6.jpg
164,https://i.pinimg.com/236x/5b/0f/9d/5b0f9d68af6f0613751d258a3bb8b5ca.jpg
165,https://i.pinimg.com/236x/64/f9/48/64f948c0c35d94f624babdc2d8691ce2.jpg
166,https://i.pinimg.com/236x/eb/bd/e8/ebbde89930e329df923f35f2510f8645.jpg
167,https://i.pinimg.com/236x/ff/44/53/ff44536361df31a756f486776c45203c.jpg
168,https://i.pinimg.com/236x/3b/6a/0c/3b6a0c03be4ec6167018da13d9249a12.jpg
169,https://i.pinimg.com/236x/82/7f/25/827f25ee4bf4340244fae02755f19c38.jpg
170,https://i.pinimg.com/236x/2f/7c/87/2f7c87c4564e9e8769004da98c2bf896.jpg
171,https://i.pinimg.com/236x/03/47/ca/0347cae0a865a77ac1b16dea4b273a74.jpg
172,https://i.pinimg.com/236x/0b/82/fc/0b82fc0ab7592aced9deadc7271ae5d4.jpg
173,https://i.pinimg.com/236x/26/00/c6/2600c6e6f5424ee3557309f0fd42a7a7.jpg
174,https://i.pinimg.com/236x/cc/7f/5f/cc7f5fbf6b1ee736d011cd2eab59da85.jpg
175,https://s.pinimg.com/images/user/default_75.png
176,https://i.pinimg.com/236x/98/6e/ac/986eac7b9d3fe53d34cd469409ef9ee6.jpg
177,https://i.pinimg.com/236x/5b/0f/9d/5b0f9d68af6f0613751d258a3bb8b5ca.jpg
178,https://i.pinimg.com/236x/64/f9/48/64f948c0c35d94f624babdc2d8691ce2.jpg
179,https://i.pinimg.com/236x/eb/bd/e8/ebbde89930e329df923f35f2510f8645.jpg
180,https://i.pinimg.com/236x/ff/44/53/ff44536361df31a756f486776c45203c.jpg
181,https://i.pinimg.com/236x/3b/6a/0c/3b6a0c03be4ec6167018da13d9249a12.jpg
182,https://i.pinimg.com/236x/82/7f/25/827f25ee4bf4340244fae02755f19c38.jpg
183,https://i.pinimg.com/236x/2f/7c/87/2f7c87c4564e9e8769004da98c2bf896.jpg
184,https://i.pinimg.com/236x/03/47/ca/0347cae0a865a77ac1b16dea4b273a74.jpg
185,https://i.pinimg.com/236x/0b/82/fc/0b82fc0ab7592aced9deadc7271ae5d4.jpg
186,https://i.pinimg.com/236x/26/00/c6/2600c6e6f5424ee3557309f0fd42a7a7.jpg
187,https://i.pinimg.com/236x/2c/bd/03/2cbd033f36a7826746f01bdf6fdfa81a.jpg
188,https://i.pinimg.com/236x/ea/94/0b/ea940b6565f76bb0329254840d9f7442.jpg
189,https://i.pinimg.com/236x/cc/7f/5f/cc7f5fbf6b1ee736d011cd2eab59da85.jpg
190,https://s.pinimg.com/images/user/default_75.png
191,https://i.pinimg.com/236x/2f/7c/87/2f7c87c4564e9e8769004da98c2bf896.jpg
192,https://i.pinimg.com/236x/03/47/ca/0347cae0a865a77ac1b16dea4b273a74.jpg
193,https://i.pinimg.com/236x/0b/82/fc/0b82fc0ab7592aced9deadc7271ae5d4.jpg
194,https://i.pinimg.com/236x/26/00/c6/2600c6e6f5424ee3557309f0fd42a7a7.jpg
195,https://i.pinimg.com/236x/2c/bd/03/2cbd033f36a7826746f01bdf6fdfa81a.jpg
196,https://i.pinimg.com/236x/ea/94/0b/ea940b6565f76bb0329254840d9f7442.jpg
197,https://i.pinimg.com/236x/cc/7f/5f/cc7f5fbf6b1ee736d011cd2eab59da85.jpg
198,https://i.pinimg.com/236x/18/f2/48/18f248b0f6e32f8a9282b93621566cee.jpg
199,https://i.pinimg.com/236x/cc/5a/cd/cc5acd5e5630e286a22c972308db057b.jpg
200,https://i.pinimg.com/236x/0b/88/8a/0b888a296eb135fcecd4071234ee785e.jpg
201,https://i.pinimg.com/236x/97/8a/0e/978a0e734dc97f4360dc2577c736ab48.jpg
202,https://i.pinimg.com/236x/c6/e3/16/c6e316dd4e7a6838213dbca4082a64f8.jpg
203,https://s.pinimg.com/images/user/default_75.png
204,https://i.pinimg.com/236x/2c/bd/03/2cbd033f36a7826746f01bdf6fdfa81a.jpg
205,https://i.pinimg.com/236x/ea/94/0b/ea940b6565f76bb0329254840d9f7442.jpg
206,https://i.pinimg.com/236x/cc/7f/5f/cc7f5fbf6b1ee736d011cd2eab59da85.jpg
207,https://i.pinimg.com/236x/18/f2/48/18f248b0f6e32f8a9282b93621566cee.jpg
208,https://i.pinimg.com/236x/cc/5a/cd/cc5acd5e5630e286a22c972308db057b.jpg
209,https://i.pinimg.com/236x/0b/88/8a/0b888a296eb135fcecd4071234ee785e.jpg
210,https://i.pinimg.com/236x/97/8a/0e/978a0e734dc97f4360dc2577c736ab48.jpg
211,https://i.pinimg.com/236x/c6/e3/16/c6e316dd4e7a6838213dbca4082a64f8.jpg
212,https://i.pinimg.com/236x/1e/6e/bb/1e6ebbf9bc17ba9745acedd1ee803246.jpg
213,https://s.pinimg.com/images/user/default_75.png
214,https://i.pinimg.com/236x/cc/7f/5f/cc7f5fbf6b1ee736d011cd2eab59da85.jpg
215,https://i.pinimg.com/236x/18/f2/48/18f248b0f6e32f8a9282b93621566cee.jpg
216,https://i.pinimg.com/236x/cc/5a/cd/cc5acd5e5630e286a22c972308db057b.jpg
217,https://i.pinimg.com/236x/0b/88/8a/0b888a296eb135fcecd4071234ee785e.jpg
218,https://i.pinimg.com/236x/97/8a/0e/978a0e734dc97f4360dc2577c736ab48.jpg
219,https://i.pinimg.com/236x/c6/e3/16/c6e316dd4e7a6838213dbca4082a64f8.jpg
220,https://i.pinimg.com/236x/1e/6e/bb/1e6ebbf9bc17ba9745acedd1ee803246.jpg
221,https://i.pinimg.com/236x/f1/99/5d/f1995d3c54242cf8719a1a0283a134fa.jpg
222,https://i.pinimg.com/236x/8e/00/0e/8e000e7522f2487273f525e34d78c9c7.jpg
223,https://i.pinimg.com/236x/5a/c4/ff/5ac4fff108e463e2b3c80eae78f42c68.jpg
224,https://i.pinimg.com/236x/08/61/74/0861742005e40a4874c3b3dede913821.jpg
225,https://s.pinimg.com/images/user/default_75.png
226,https://i.pinimg.com/236x/97/8a/0e/978a0e734dc97f4360dc2577c736ab48.jpg
227,https://i.pinimg.com/236x/c6/e3/16/c6e316dd4e7a6838213dbca4082a64f8.jpg
228,https://i.pinimg.com/236x/1e/6e/bb/1e6ebbf9bc17ba9745acedd1ee803246.jpg
229,https://i.pinimg.com/236x/f1/99/5d/f1995d3c54242cf8719a1a0283a134fa.jpg
230,https://i.pinimg.com/236x/8e/00/0e/8e000e7522f2487273f525e34d78c9c7.jpg
231,https://i.pinimg.com/236x/5a/c4/ff/5ac4fff108e463e2b3c80eae78f42c68.jpg
232,https://i.pinimg.com/236x/08/61/74/0861742005e40a4874c3b3dede913821.jpg
233,https://i.pinimg.com/236x/8d/01/3e/8d013e7deeaef3d89e668a304626c4e4.jpg
234,https://i.pinimg.com/236x/77/bc/a7/77bca705bee40cdc1e279d8d345d4713.jpg
235,https://i.pinimg.com/236x/95/ef/78/95ef783112c53447881bf68ab5b3915d.jpg
236,https://s.pinimg.com/images/user/default_75.png
237,https://i.pinimg.com/236x/f1/99/5d/f1995d3c54242cf8719a1a0283a134fa.jpg
238,https://i.pinimg.com/236x/8e/00/0e/8e000e7522f2487273f525e34d78c9c7.jpg
239,https://i.pinimg.com/236x/5a/c4/ff/5ac4fff108e463e2b3c80eae78f42c68.jpg
240,https://i.pinimg.com/236x/08/61/74/0861742005e40a4874c3b3dede913821.jpg
241,https://i.pinimg.com/236x/8d/01/3e/8d013e7deeaef3d89e668a304626c4e4.jpg
242,https://i.pinimg.com/236x/77/bc/a7/77bca705bee40cdc1e279d8d345d4713.jpg
243,https://i.pinimg.com/236x/95/ef/78/95ef783112c53447881bf68ab5b3915d.jpg
244,https://i.pinimg.com/236x/86/6c/b5/866cb53822769706dfa0b2b06f2546ff.jpg
245,https://i.pinimg.com/236x/f1/af/71/f1af71bcacfe6528d03f84ff4ee41d14.jpg
246,https://i.pinimg.com/236x/88/55/b0/8855b0c0e2ca54f2a5a5234ff6c19dbe.jpg
247,https://i.pinimg.com/236x/d7/98/65/d7986503088cce8a026d81092962d51e.jpg
248,https://s.pinimg.com/images/user/default_75.png
249,https://i.pinimg.com/236x/8d/01/3e/8d013e7deeaef3d89e668a304626c4e4.jpg
250,https://i.pinimg.com/236x/77/bc/a7/77bca705bee40cdc1e279d8d345d4713.jpg
251,https://i.pinimg.com/236x/95/ef/78/95ef783112c53447881bf68ab5b3915d.jpg
252,https://i.pinimg.com/236x/86/6c/b5/866cb53822769706dfa0b2b06f2546ff.jpg
253,https://i.pinimg.com/236x/f1/af/71/f1af71bcacfe6528d03f84ff4ee41d14.jpg
254,https://i.pinimg.com/236x/88/55/b0/8855b0c0e2ca54f2a5a5234ff6c19dbe.jpg
255,https://i.pinimg.com/236x/d7/98/65/d7986503088cce8a026d81092962d51e.jpg
256,https://i.pinimg.com/236x/c2/94/29/c29429f62e2f116ab828f1e0bb412160.jpg
257,https://i.pinimg.com/236x/b1/06/87/b1068798b074d7f9cc934c2aacc71836.jpg
258,https://i.pinimg.com/236x/3a/bd/a5/3abda5e31ed000d202b34c369ffd2ac3.jpg
259,https://s.pinimg.com/images/user/default_75.png
260,https://i.pinimg.com/236x/86/6c/b5/866cb53822769706dfa0b2b06f2546ff.jpg
261,https://i.pinimg.com/236x/f1/af/71/f1af71bcacfe6528d03f84ff4ee41d14.jpg
262,https://i.pinimg.com/236x/88/55/b0/8855b0c0e2ca54f2a5a5234ff6c19dbe.jpg
263,https://i.pinimg.com/236x/d7/98/65/d7986503088cce8a026d81092962d51e.jpg
264,https://i.pinimg.com/236x/c2/94/29/c29429f62e2f116ab828f1e0bb412160.jpg
265,https://i.pinimg.com/236x/b1/06/87/b1068798b074d7f9cc934c2aacc71836.jpg
266,https://i.pinimg.com/236x/cc/ab/11/ccab11b569c5900201fa98b5b31ce313.jpg
267,https://i.pinimg.com/236x/9d/1c/3c/9d1c3c447a4a8495058b36335ba63000.jpg
268,https://s.pinimg.com/images/user/default_75.png
269,https://i.pinimg.com/236x/d7/98/65/d7986503088cce8a026d81092962d51e.jpg
270,https://i.pinimg.com/236x/c2/94/29/c29429f62e2f116ab828f1e0bb412160.jpg
271,https://i.pinimg.com/236x/b1/06/87/b1068798b074d7f9cc934c2aacc71836.jpg
272,https://i.pinimg.com/236x/cc/ab/11/ccab11b569c5900201fa98b5b31ce313.jpg
273,https://i.pinimg.com/236x/9d/1c/3c/9d1c3c447a4a8495058b36335ba63000.jpg
274,https://i.pinimg.com/236x/d4/8c/43/d48c43fe0135a991f750f3cff20a0e13.jpg
275,https://i.pinimg.com/236x/3a/bd/a5/3abda5e31ed000d202b34c369ffd2ac3.jpg
276,https://i.pinimg.com/236x/4e/0b/db/4e0bdba28ae538abc1a974d18f9b6e0f.jpg
277,https://s.pinimg.com/images/user/default_75.png
278,https://i.pinimg.com/236x/cc/ab/11/ccab11b569c5900201fa98b5b31ce313.jpg
279,https://i.pinimg.com/236x/9d/1c/3c/9d1c3c447a4a8495058b36335ba63000.jpg
280,https://i.pinimg.com/236x/d4/8c/43/d48c43fe0135a991f750f3cff20a0e13.jpg
281,https://i.pinimg.com/236x/3a/bd/a5/3abda5e31ed000d202b34c369ffd2ac3.jpg
282,https://i.pinimg.com/236x/4e/0b/db/4e0bdba28ae538abc1a974d18f9b6e0f.jpg
283,https://i.pinimg.com/236x/68/9e/b5/689eb537147362ebc1424684fa5a91b4.jpg
284,https://i.pinimg.com/236x/c4/b0/6c/c4b06cbf56fe07562379a673730abf64.jpg
285,https://i.pinimg.com/236x/9f/fb/a2/9ffba2d6e00a2eff9cf4e85ac828e68a.jpg
286,https://i.pinimg.com/236x/3e/36/f2/3e36f2d3849ae4fd2a2e462327944652.jpg
287,https://i.pinimg.com/236x/f8/3d/6b/f83d6bca64a577ecbae8d070dd0013e3.jpg
288,https://i.pinimg.com/236x/6a/b0/d1/6ab0d16236d492c198ecc0d7752480a6.jpg
289,https://s.pinimg.com/images/user/default_75.png
290,https://i.pinimg.com/236x/9d/1c/3c/9d1c3c447a4a8495058b36335ba63000.jpg
291,https://i.pinimg.com/236x/d4/8c/43/d48c43fe0135a991f750f3cff20a0e13.jpg
292,https://i.pinimg.com/236x/3a/bd/a5/3abda5e31ed000d202b34c369ffd2ac3.jpg
293,https://i.pinimg.com/236x/4e/0b/db/4e0bdba28ae538abc1a974d18f9b6e0f.jpg
294,https://i.pinimg.com/236x/68/9e/b5/689eb537147362ebc1424684fa5a91b4.jpg
295,https://i.pinimg.com/236x/c4/b0/6c/c4b06cbf56fe07562379a673730abf64.jpg
296,https://i.pinimg.com/236x/9f/fb/a2/9ffba2d6e00a2eff9cf4e85ac828e68a.jpg
297,https://i.pinimg.com/236x/3e/36/f2/3e36f2d3849ae4fd2a2e462327944652.jpg
298,https://i.pinimg.com/236x/f8/3d/6b/f83d6bca64a577ecbae8d070dd0013e3.jpg
299,https://i.pinimg.com/236x/6a/b0/d1/6ab0d16236d492c198ecc0d7752480a6.jpg
300,https://i.pinimg.com/236x/28/6a/15/286a159f7eae10eb311550a07e0cb762.jpg
301,https://i.pinimg.com/236x/e6/02/13/e6021346a8cd55252edf5714abbcfcf8.jpg
302,https://i.pinimg.com/236x/d1/4d/ff/d14dff5138e1c810a943acd734b273fe.jpg
303,https://i.pinimg.com/236x/19/d3/6c/19d36c9bf634a9839f784aa435a10dbe.jpg
304,https://i.pinimg.com/236x/a0/b0/e7/a0b0e7f30ba4765d4c5bc9ceb036970b.jpg
305,https://s.pinimg.com/images/user/default_75.png
306,https://i.pinimg.com/236x/4e/0b/db/4e0bdba28ae538abc1a974d18f9b6e0f.jpg
307,https://i.pinimg.com/236x/68/9e/b5/689eb537147362ebc1424684fa5a91b4.jpg
308,https://i.pinimg.com/236x/c4/b0/6c/c4b06cbf56fe07562379a673730abf64.jpg
309,https://i.pinimg.com/236x/9f/fb/a2/9ffba2d6e00a2eff9cf4e85ac828e68a.jpg
310,https://i.pinimg.com/236x/3e/36/f2/3e36f2d3849ae4fd2a2e462327944652.jpg
311,https://i.pinimg.com/236x/f8/3d/6b/f83d6bca64a577ecbae8d070dd0013e3.jpg
312,https://i.pinimg.com/236x/6a/b0/d1/6ab0d16236d492c198ecc0d7752480a6.jpg
313,https://i.pinimg.com/236x/28/6a/15/286a159f7eae10eb311550a07e0cb762.jpg
314,https://i.pinimg.com/236x/e6/02/13/e6021346a8cd55252edf5714abbcfcf8.jpg
315,https://i.pinimg.com/236x/d1/4d/ff/d14dff5138e1c810a943acd734b273fe.jpg
316,https://i.pinimg.com/236x/8d/54/76/8d5476dd41a93c256738ee0c46e0d8ef.jpg
317,https://i.pinimg.com/236x/75/b4/b1/75b4b1e1c4ccda9b4f11f81aa9cdfa1d.jpg
318,https://i.pinimg.com/236x/04/c8/98/04c8980a3d108d134ed1db782d94b10d.jpg
319,https://i.pinimg.com/236x/8d/bb/6b/8dbb6b13aa444290c5a20837eae97e2c.jpg
320,https://s.pinimg.com/images/user/default_75.png
321,https://i.pinimg.com/236x/f8/3d/6b/f83d6bca64a577ecbae8d070dd0013e3.jpg
322,https://i.pinimg.com/236x/6a/b0/d1/6ab0d16236d492c198ecc0d7752480a6.jpg
323,https://i.pinimg.com/236x/28/6a/15/286a159f7eae10eb311550a07e0cb762.jpg
324,https://i.pinimg.com/236x/e6/02/13/e6021346a8cd55252edf5714abbcfcf8.jpg
325,https://i.pinimg.com/236x/d1/4d/ff/d14dff5138e1c810a943acd734b273fe.jpg
326,https://i.pinimg.com/236x/8d/54/76/8d5476dd41a93c256738ee0c46e0d8ef.jpg
327,https://i.pinimg.com/236x/75/b4/b1/75b4b1e1c4ccda9b4f11f81aa9cdfa1d.jpg
328,https://i.pinimg.com/236x/04/c8/98/04c8980a3d108d134ed1db782d94b10d.jpg
329,https://i.pinimg.com/236x/8d/bb/6b/8dbb6b13aa444290c5a20837eae97e2c.jpg
330,https://i.pinimg.com/236x/d2/6a/09/d26a093fd0baa87a86ac8fc2e5a8972d.jpg
331,https://i.pinimg.com/236x/10/1c/5c/101c5c91470efe1c88cbd67107575b8f.jpg
332,https://i.pinimg.com/236x/73/06/9b/73069b059d43d444b8a3f32ac7617eee.jpg
333,https://s.pinimg.com/images/user/default_75.png
334,https://i.pinimg.com/236x/8d/54/76/8d5476dd41a93c256738ee0c46e0d8ef.jpg
335,https://i.pinimg.com/236x/75/b4/b1/75b4b1e1c4ccda9b4f11f81aa9cdfa1d.jpg
336,https://i.pinimg.com/236x/04/c8/98/04c8980a3d108d134ed1db782d94b10d.jpg
337,https://i.pinimg.com/236x/8d/bb/6b/8dbb6b13aa444290c5a20837eae97e2c.jpg
338,https://i.pinimg.com/236x/d2/6a/09/d26a093fd0baa87a86ac8fc2e5a8972d.jpg
339,https://i.pinimg.com/236x/10/1c/5c/101c5c91470efe1c88cbd67107575b8f.jpg
340,https://i.pinimg.com/236x/73/06/9b/73069b059d43d444b8a3f32ac7617eee.jpg
341,https://i.pinimg.com/236x/19/d3/6c/19d36c9bf634a9839f784aa435a10dbe.jpg
342,https://i.pinimg.com/236x/a0/b0/e7/a0b0e7f30ba4765d4c5bc9ceb036970b.jpg
343,https://s.pinimg.com/images/user/default_75.png
344,https://i.pinimg.com/236x/d2/6a/09/d26a093fd0baa87a86ac8fc2e5a8972d.jpg
345,https://i.pinimg.com/236x/10/1c/5c/101c5c91470efe1c88cbd67107575b8f.jpg
346,https://i.pinimg.com/236x/73/06/9b/73069b059d43d444b8a3f32ac7617eee.jpg
347,https://i.pinimg.com/236x/19/d3/6c/19d36c9bf634a9839f784aa435a10dbe.jpg
348,https://i.pinimg.com/236x/a0/b0/e7/a0b0e7f30ba4765d4c5bc9ceb036970b.jpg
349,https://i.pinimg.com/236x/32/08/72/3208724ad082c426f5f720fb974435a5.jpg
350,https://i.pinimg.com/236x/24/91/75/249175e445d20a2b270f8f32cc5e7aaf.jpg
351,https://i.pinimg.com/236x/20/e9/6b/20e96b04ddf82b84e4322049b0680927.jpg
352,https://i.pinimg.com/236x/04/f4/6a/04f46adfcb1bfa6bbc4ede9142762b24.jpg
353,https://s.pinimg.com/images/user/default_75.png
354,https://i.pinimg.com/236x/10/1c/5c/101c5c91470efe1c88cbd67107575b8f.jpg
355,https://i.pinimg.com/236x/73/06/9b/73069b059d43d444b8a3f32ac7617eee.jpg
356,https://i.pinimg.com/236x/19/d3/6c/19d36c9bf634a9839f784aa435a10dbe.jpg
357,https://i.pinimg.com/236x/a0/b0/e7/a0b0e7f30ba4765d4c5bc9ceb036970b.jpg
358,https://i.pinimg.com/236x/32/08/72/3208724ad082c426f5f720fb974435a5.jpg
359,https://i.pinimg.com/236x/24/91/75/249175e445d20a2b270f8f32cc5e7aaf.jpg
360,https://i.pinimg.com/236x/20/e9/6b/20e96b04ddf82b84e4322049b0680927.jpg
361,https://i.pinimg.com/236x/04/f4/6a/04f46adfcb1bfa6bbc4ede9142762b24.jpg
362,https://i.pinimg.com/236x/da/7d/d0/da7dd08f53e9b8cf7b492cffd76b126c.jpg
363,https://s.pinimg.com/images/user/default_75.png
364,https://i.pinimg.com/236x/a0/b0/e7/a0b0e7f30ba4765d4c5bc9ceb036970b.jpg
365,https://i.pinimg.com/236x/32/08/72/3208724ad082c426f5f720fb974435a5.jpg
366,https://i.pinimg.com/236x/24/91/75/249175e445d20a2b270f8f32cc5e7aaf.jpg
367,https://i.pinimg.com/236x/20/e9/6b/20e96b04ddf82b84e4322049b0680927.jpg
368,https://i.pinimg.com/236x/04/f4/6a/04f46adfcb1bfa6bbc4ede9142762b24.jpg
369,https://i.pinimg.com/236x/da/7d/d0/da7dd08f53e9b8cf7b492cffd76b126c.jpg
370,https://i.pinimg.com/236x/c9/b0/90/c9b0902475479a694fc70b60b4e87306.jpg
371,https://i.pinimg.com/236x/5d/33/0e/5d330e1b7dd59c860d0c084f749bf62c.jpg
372,https://i.pinimg.com/236x/d9/f2/e0/d9f2e0894d35c598bee269304c34a6c6.jpg
373,https://i.pinimg.com/236x/ee/73/7c/ee737c73b3353b73e6825470dd962a64.jpg
374,https://i.pinimg.com/236x/7a/a1/a7/7aa1a7de1ffa162a941c9a70cab2a249.jpg
375,https://s.pinimg.com/images/user/default_75.png
376,https://i.pinimg.com/236x/04/f4/6a/04f46adfcb1bfa6bbc4ede9142762b24.jpg
377,https://i.pinimg.com/236x/da/7d/d0/da7dd08f53e9b8cf7b492cffd76b126c.jpg
378,https://i.pinimg.com/236x/c9/b0/90/c9b0902475479a694fc70b60b4e87306.jpg
379,https://i.pinimg.com/236x/5d/33/0e/5d330e1b7dd59c860d0c084f749bf62c.jpg
380,https://i.pinimg.com/236x/d9/f2/e0/d9f2e0894d35c598bee269304c34a6c6.jpg
381,https://i.pinimg.com/236x/ee/73/7c/ee737c73b3353b73e6825470dd962a64.jpg
382,https://i.pinimg.com/236x/7a/a1/a7/7aa1a7de1ffa162a941c9a70cab2a249.jpg
383,https://i.pinimg.com/236x/4c/24/51/4c24519ddfd0abe2f7179fc11c8ab544.jpg
384,https://i.pinimg.com/236x/62/6b/15/626b151928f2aa41214531885905038a.jpg
385,https://i.pinimg.com/236x/59/e1/cf/59e1cf33ce03cd7a817ae57c00bfe40f.jpg
386,https://i.pinimg.com/236x/5d/67/f8/5d67f8b930ade09f0533fd7f5632d8a8.jpg
387,https://s.pinimg.com/images/user/default_75.png
388,https://i.pinimg.com/236x/c9/b0/90/c9b0902475479a694fc70b60b4e87306.jpg
389,https://i.pinimg.com/236x/5d/33/0e/5d330e1b7dd59c860d0c084f749bf62c.jpg
390,https://i.pinimg.com/236x/d9/f2/e0/d9f2e0894d35c598bee269304c34a6c6.jpg
391,https://i.pinimg.com/236x/ee/73/7c/ee737c73b3353b73e6825470dd962a64.jpg
392,https://i.pinimg.com/236x/7a/a1/a7/7aa1a7de1ffa162a941c9a70cab2a249.jpg
393,https://i.pinimg.com/236x/4c/24/51/4c24519ddfd0abe2f7179fc11c8ab544.jpg
394,https://i.pinimg.com/236x/62/6b/15/626b151928f2aa41214531885905038a.jpg
395,https://i.pinimg.com/236x/59/e1/cf/59e1cf33ce03cd7a817ae57c00bfe40f.jpg
396,https://i.pinimg.com/236x/ba/ac/56/baac5693c4e3fb7291fa26a38a0bf59e.jpg
397,https://i.pinimg.com/236x/e5/9d/b2/e59db2e21fb78dcb8e5c483181665a1c.jpg
398,https://i.pinimg.com/236x/83/91/dc/8391dc1212934aace3ad4249fd431443.jpg
399,https://s.pinimg.com/images/user/default_75.png
400,https://i.pinimg.com/236x/d9/f2/e0/d9f2e0894d35c598bee269304c34a6c6.jpg
401,https://i.pinimg.com/236x/ee/73/7c/ee737c73b3353b73e6825470dd962a64.jpg
402,https://i.pinimg.com/236x/7a/a1/a7/7aa1a7de1ffa162a941c9a70cab2a249.jpg
403,https://i.pinimg.com/236x/4c/24/51/4c24519ddfd0abe2f7179fc11c8ab544.jpg
404,https://i.pinimg.com/236x/62/6b/15/626b151928f2aa41214531885905038a.jpg
405,https://i.pinimg.com/236x/59/e1/cf/59e1cf33ce03cd7a817ae57c00bfe40f.jpg
406,https://i.pinimg.com/236x/ba/ac/56/baac5693c4e3fb7291fa26a38a0bf59e.jpg
407,https://i.pinimg.com/236x/e5/9d/b2/e59db2e21fb78dcb8e5c483181665a1c.jpg
408,https://i.pinimg.com/236x/83/91/dc/8391dc1212934aace3ad4249fd431443.jpg
409,https://i.pinimg.com/236x/50/fe/00/50fe00a3afbbf6357ce888841f5af17e.jpg
410,https://i.pinimg.com/236x/7d/2d/ba/7d2dba69b55776935bb4bb92feb623ca.jpg
411,https://i.pinimg.com/236x/16/ff/ad/16ffad47b29df8873ff8b83add391035.jpg
412,https://i.pinimg.com/236x/f1/2a/c0/f12ac0c6ce5ea8348314388dc72372bc.jpg
413,https://s.pinimg.com/images/user/default_75.png
414,https://i.pinimg.com/236x/59/e1/cf/59e1cf33ce03cd7a817ae57c00bfe40f.jpg
415,https://i.pinimg.com/236x/ba/ac/56/baac5693c4e3fb7291fa26a38a0bf59e.jpg
416,https://i.pinimg.com/236x/e5/9d/b2/e59db2e21fb78dcb8e5c483181665a1c.jpg
417,https://i.pinimg.com/236x/83/91/dc/8391dc1212934aace3ad4249fd431443.jpg
418,https://i.pinimg.com/236x/50/fe/00/50fe00a3afbbf6357ce888841f5af17e.jpg
419,https://i.pinimg.com/236x/7d/2d/ba/7d2dba69b55776935bb4bb92feb623ca.jpg
420,https://i.pinimg.com/236x/16/ff/ad/16ffad47b29df8873ff8b83add391035.jpg
421,https://i.pinimg.com/236x/f1/2a/c0/f12ac0c6ce5ea8348314388dc72372bc.jpg
422,https://i.pinimg.com/236x/51/c9/90/51c9906913f1886461a88a50cfcb7151.jpg
423,https://i.pinimg.com/236x/5d/67/f8/5d67f8b930ade09f0533fd7f5632d8a8.jpg
424,https://s.pinimg.com/images/user/default_75.png
425,https://i.pinimg.com/236x/50/fe/00/50fe00a3afbbf6357ce888841f5af17e.jpg
426,https://i.pinimg.com/236x/7d/2d/ba/7d2dba69b55776935bb4bb92feb623ca.jpg
427,https://i.pinimg.com/236x/16/ff/ad/16ffad47b29df8873ff8b83add391035.jpg
428,https://i.pinimg.com/236x/f1/2a/c0/f12ac0c6ce5ea8348314388dc72372bc.jpg
429,https://i.pinimg.com/236x/51/c9/90/51c9906913f1886461a88a50cfcb7151.jpg
430,https://i.pinimg.com/236x/5d/67/f8/5d67f8b930ade09f0533fd7f5632d8a8.jpg
431,https://i.pinimg.com/236x/52/82/8d/52828d09db0afa5c187d8a61c35bb4fb.jpg
432,https://i.pinimg.com/236x/99/f9/ca/99f9cab90b1faad75a5eaf872b64a5af.jpg
433,https://i.pinimg.com/236x/6e/76/88/6e768878f3ae2207975bda64ceff035d.jpg
434,https://s.pinimg.com/images/user/default_75.png
435,https://i.pinimg.com/236x/f1/2a/c0/f12ac0c6ce5ea8348314388dc72372bc.jpg
436,https://i.pinimg.com/236x/51/c9/90/51c9906913f1886461a88a50cfcb7151.jpg
437,https://i.pinimg.com/236x/5d/67/f8/5d67f8b930ade09f0533fd7f5632d8a8.jpg
438,https://i.pinimg.com/236x/52/82/8d/52828d09db0afa5c187d8a61c35bb4fb.jpg
439,https://i.pinimg.com/236x/99/f9/ca/99f9cab90b1faad75a5eaf872b64a5af.jpg
440,https://i.pinimg.com/236x/6e/76/88/6e768878f3ae2207975bda64ceff035d.jpg
441,https://s.pinimg.com/images/user/default_75.png
442,https://i.pinimg.com/236x/5d/67/f8/5d67f8b930ade09f0533fd7f5632d8a8.jpg
443,https://i.pinimg.com/236x/52/82/8d/52828d09db0afa5c187d8a61c35bb4fb.jpg
444,https://i.pinimg.com/236x/99/f9/ca/99f9cab90b1faad75a5eaf872b64a5af.jpg
445,https://i.pinimg.com/236x/6e/76/88/6e768878f3ae2207975bda64ceff035d.jpg
446,https://s.pinimg.com/images/user/default_75.png
447,https://i.pinimg.com/236x/5d/67/f8/5d67f8b930ade09f0533fd7f5632d8a8.jpg
448,https://i.pinimg.com/236x/52/82/8d/52828d09db0afa5c187d8a61c35bb4fb.jpg
449,https://i.pinimg.com/236x/99/f9/ca/99f9cab90b1faad75a5eaf872b64a5af.jpg
450,https://i.pinimg.com/236x/6e/76/88/6e768878f3ae2207975bda64ceff035d.jpg
451,https://s.pinimg.com/images/user/default_75.png
452,https://i.pinimg.com/236x/5d/67/f8/5d67f8b930ade09f0533fd7f5632d8a8.jpg
453,https://i.pinimg.com/236x/52/82/8d/52828d09db0afa5c187d8a61c35bb4fb.jpg
454,https://i.pinimg.com/236x/99/f9/ca/99f9cab90b1faad75a5eaf872b64a5af.jpg
455,https://i.pinimg.com/236x/6e/76/88/6e768878f3ae2207975bda64ceff035d.jpg
456,https://s.pinimg.com/images/user/default_75.png
457,https://i.pinimg.com/236x/5d/67/f8/5d67f8b930ade09f0533fd7f5632d8a8.jpg
458,https://i.pinimg.com/236x/52/82/8d/52828d09db0afa5c187d8a61c35bb4fb.jpg
459,https://i.pinimg.com/236x/99/f9/ca/99f9cab90b1faad75a5eaf872b64a5af.jpg
460,https://i.pinimg.com/236x/6e/76/88/6e768878f3ae2207975bda64ceff035d.jpg
461,https://s.pinimg.com/images/user/default_75.png
462,https://i.pinimg.com/236x/5d/67/f8/5d67f8b930ade09f0533fd7f5632d8a8.jpg
463,https://i.pinimg.com/236x/52/82/8d/52828d09db0afa5c187d8a61c35bb4fb.jpg
464,https://i.pinimg.com/236x/99/f9/ca/99f9cab90b1faad75a5eaf872b64a5af.jpg
465,https://i.pinimg.com/236x/6e/76/88/6e768878f3ae2207975bda64ceff035d.jpg
466,https://s.pinimg.com/images/user/default_75.png
467,https://i.pinimg.com/236x/5d/67/f8/5d67f8b930ade09f0533fd7f5632d8a8.jpg
468,https://i.pinimg.com/236x/52/82/8d/52828d09db0afa5c187d8a61c35bb4fb.jpg
469,https://i.pinimg.com/236x/99/f9/ca/99f9cab90b1faad75a5eaf872b64a5af.jpg
470,https://i.pinimg.com/236x/6e/76/88/6e768878f3ae2207975bda64ceff035d.jpg
471,https://s.pinimg.com/images/user/default_75.png
472,https://i.pinimg.com/236x/5d/67/f8/5d67f8b930ade09f0533fd7f5632d8a8.jpg
473,https://i.pinimg.com/236x/52/82/8d/52828d09db0afa5c187d8a61c35bb4fb.jpg
474,https://i.pinimg.com/236x/99/f9/ca/99f9cab90b1faad75a5eaf872b64a5af.jpg
475,https://i.pinimg.com/236x/6e/76/88/6e768878f3ae2207975bda64ceff035d.jpg
476,https://s.pinimg.com/images/user/default_75.png
477,https://i.pinimg.com/236x/5d/67/f8/5d67f8b930ade09f0533fd7f5632d8a8.jpg
478,https://i.pinimg.com/236x/52/82/8d/52828d09db0afa5c187d8a61c35bb4fb.jpg
479,https://i.pinimg.com/236x/99/f9/ca/99f9cab90b1faad75a5eaf872b64a5af.jpg
480,https://i.pinimg.com/236x/6e/76/88/6e768878f3ae2207975bda64ceff035d.jpg
481,https://s.pinimg.com/images/user/default_75.png
482,https://i.pinimg.com/236x/5d/67/f8/5d67f8b930ade09f0533fd7f5632d8a8.jpg
483,https://i.pinimg.com/236x/52/82/8d/52828d09db0afa5c187d8a61c35bb4fb.jpg
484,https://i.pinimg.com/236x/99/f9/ca/99f9cab90b1faad75a5eaf872b64a5af.jpg
485,https://i.pinimg.com/236x/6e/76/88/6e768878f3ae2207975bda64ceff035d.jpg
